,I,II,III
Fauna (Animals),,,
"Phylum
Chordata",,,
"Class
Mammalia
(MAMMALS)",,,
Artiodactyla,,,
"Antilocapridae
Pronghorns",,,
,Antilocapra americana (Only the population of Mexico is included in Appendix I. No other population is included in the Appendices.),,
"Bovidae
Antelopes, cattle, duikers, gazelles, goats, sheep, etc.",,,
,Addax nasomaculatus,,
,,Ammotragus lervia,
,,,"Antilope cervicapra (Nepal, Pakistan)"
,"Bos gaurus {Excludes the domesticated form, which is referenced as Bos frontalis, and is not subject to the provisions of the Convention}",,
,"Bos mutus {Excludes the domesticated form, which is referenced as Bos grunniens, and is not subject to the provisions of the Convention}",,
,Bos sauveli,,
,,,Boselaphus tragocamelus (Pakistan)
,,,"Bubalus arnee {Excludes the domesticated form, which is referenced as Bubalus bubalis and is not subject to the provisions of the Convention.}
 (Nepal)"
,Bubalus depressicornis,,
,Bubalus mindorensis,,
,Bubalus quarlesi,,
,,Budorcas taxicolor,
,,Capra caucasica,
,Capra falconeri,,
,,,Capra hircus aegagrus A1 (Pakistan)
,,,Capra sibirica (Pakistan)
,Capricornis milneedwardsii,,
,Capricornis rubidus,,
,Capricornis sumatraensis,,
,Capricornis thar,,
,,Cephalophus brookei,
,,Cephalophus dorsalis,
,Cephalophus jentinki,,
,,Cephalophus ogilbyi,
,,Cephalophus silvicultor,
,,Cephalophus zebra,
,,Damaliscus pygargus pygargus,
,,,Gazella bennettii (Pakistan)
,Gazella cuvieri,,
,,,"Gazella dorcas (Algeria, Tunisia)"
,Gazella leptoceros,,
,Hippotragus niger variani,,
,,Kobus leche,
,Naemorhedus baileyi,,
,Naemorhedus caudatus,,
,Naemorhedus goral,,
,Naemorhedus griseus,,
,Nanger dama,,
,Oryx dammah,,
,Oryx leucoryx,,
,,Ovis ammon,
,,Ovis arabica,
,,Ovis bochariensis,
,,Ovis canadensis (Only the population of Mexico; no other population is included in the Appendices.),
,,Ovis collium,
,,Ovis cycloceros,
,,Ovis darwini,
,Ovis gmelini (Only the population of Cyprus; no other population is included in the Appendices),,
,Ovis hodgsoni,,
,,Ovis jubata,
,,Ovis karelini,
,Ovis nigrimontana,,
,,Ovis polii,
,,Ovis punjabiensis,
,,Ovis severtzovi,
,Ovis vignei,,
,Pantholops hodgsonii,,
,,Philantomba maxwellii,
,,Philantomba monticola,
,,,Pseudois nayaur (Pakistan)
,Pseudoryx nghetinhensis,,
,,Rupicapra pyrenaica ornata,
,,Saiga borealis A2,
,,Saiga tatarica A2,
,,,Tetracerus quadricornis (Nepal)
"Camelidae
Camels, guanacos, vicunas",,,
,,Lama guanicoe,
,"Vicugna vicugna (Except the populations of: Argentina [populations of the Provinces of Catamarca, Jujuy and Salta, and semi-captive populations of the Provinces of Catamarca, Jujuy, La Rioja, Salta and San Juan], Chile [populations of the region of Arica and Parinacota and of the region of Tarapacá], Ecuador, Peru and the Plurinational State of Bolivia, which are included in Appendix II
)",,
,,"Vicugna vicugna A3 (Only the populations of Argentina [populations of the Provinces of Catamarca, Jujuy and Salta, and semi-captive populations of the Provinces of Catamarca, Jujuy, La Rioja, Salta and San Juan], Chile [populations of the region of Arica and Parinacota and of the region of Tarapacá], Ecuador, Peru and the Plurinational State of Bolivia; all other populations are included in Appendix I)",
"Cervidae
Deer, huemuls, muntjacs, pudus",,,
,Axis calamianensis,,
,Axis kuhlii,,
,,,Axis porcinus (Except the subspecies included in Appendix I) (Pakistan)
,Axis porcinus annamiticus,,
,Blastocerus dichotomus,,
,,Cervus elaphus bactrianus,
,,,"Cervus elaphus barbarus (Algeria, Tunisia)"
,Cervus elaphus hanglu,,
,Dama dama mesopotamica,,
,Hippocamelus spp.,,
,,,Mazama temama cerasina (Guatemala)
,Muntiacus crinifrons,,
,Muntiacus vuquangensis,,
,,,Odocoileus virginianus mayensis (Guatemala)
,Ozotoceros bezoarticus,,
,,Pudu mephistophiles,
,Pudu puda,,
,Rucervus duvaucelii,,
,Rucervus eldii,,
"Giraffidae
Giraffes",,,
,,Giraffa camelopardalis,
"Hippopotamidae
Hippopotamuses",,,
,,Hexaprotodon liberiensis,
,,Hippopotamus amphibius,
"Moschidae
Musk deer",,,
,"Moschus spp. (Only the populations of Afghanistan, Bhutan, India, Myanmar, Nepal and Pakistan; all other populations are included in Appendix II.
)",,
,,"Moschus spp. (Except the populations of Afghanistan, Bhutan, India, Myanmar, Nepal and Pakistan, which are included in Appendix I.)",
"Suidae
Babirusa, hogs, pigs",,,
,Babyrousa babyrussa,,
,Babyrousa bolabatuensis,,
,Babyrousa celebensis,,
,Babyrousa togeanensis,,
,Sus salvanius,,
"Tayassuidae
Peccaries",,,
,,"Tayassuidae spp. (Except the species included in Appendix I and the populations of Pecari tajacu of Mexico and the United States of America, which are not included in the Appendices.
)",
,Catagonus wagneri,,
Carnivora,,,
"Ailuridae
Red pandas",,,
,Ailurus fulgens,,
"Canidae
Dogs, foxes, wolves",,,
,,,Canis aureus (India)
,"Canis lupus (Only the populations of Bhutan, India, Nepal and Pakistan; all other populations are included in Appendix II) {Excludes the domesticated form and the dingo which are referenced as Canis lupus familiaris and Canis lupus dingo, respectively, which are not subject to the provisions of the Convention}",,
,,"Canis lupus (Except the populations of Bhutan, India, Nepal and Pakistan, which are included in Appendix I) {Excludes the domesticated form and the dingo which are referenced as Canis lupus familiaris and Canis lupus dingo, respectively, which are not subject to the provisions of the Convention
)",
,,Cerdocyon thous,
,,Chrysocyon brachyurus,
,,Cuon alpinus,
,,Lycalopex culpaeus,
,,Lycalopex fulvipes,
,,Lycalopex griseus,
,,Lycalopex gymnocercus,
,Speothos venaticus,,
,,,Vulpes bengalensis (India)
,,Vulpes cana,
,,,Vulpes vulpes griffithi (India)
,,,Vulpes vulpes montana (India)
,,,Vulpes vulpes pusilla (India)
,,Vulpes zerda,
"Eupleridae
Fossa, falanouc, Malagasy civets",,,
,,Cryptoprocta ferox,
,,Eupleres goudotii,
,,Fossa fossana,
"Felidae
Cats",,,
,,"Felidae spp. A1 A4 (Except for the species included in Appendix I
)",
,Acinonyx jubatus A5,,
,Caracal caracal (Only the population of Asia; all other populations are included in Appendix II.),,
,Catopuma temminckii,,
,Felis nigripes,,
,"Herpailurus yagouaroundi (Only the populations of Central and North America; all other populations are included in Appendix II
)",,
,Leopardus geoffroyi,,
,Leopardus guttulus,,
,Leopardus jacobita,,
,Leopardus pardalis,,
,Leopardus tigrinus,,
,Leopardus wiedii,,
,Lynx pardinus,,
,Neofelis diardi,,
,Neofelis nebulosa,,
,Panthera leo (Only the populations of India; all other populations are included in Appendix II.),,
,Panthera onca,,
,Panthera pardus,,
,Panthera tigris,,
,Panthera uncia,,
,Pardofelis marmorata,,
,"Prionailurus bengalensis bengalensis (Only the populations of Bangladesh, India and Thailand; all other populations are included in Appendix II
)",,
,Prionailurus planiceps,,
,"Prionailurus rubiginosus (Only the population of India; all other populations are included in Appendix II
)",,
,Puma concolor (Only the populations of Costa Rica and Panama; all other populations are included in Appendix II),,
"Herpestidae
Mongooses",,,
,,,"Herpestes edwardsi (India, Pakistan)"
,,,Herpestes fuscus (India)
,,,Herpestes javanicus (Pakistan)
,,,Herpestes javanicus auropunctatus (India)
,,,Herpestes smithii (India)
,,,Herpestes urva (India)
,,,Herpestes vitticollis (India)
"Hyaenidae
Aardwolf, hyenas",,,
,,,Hyaena hyaena (Pakistan)
,,,Proteles cristata (Botswana)
"Mephitidae
Skunks",,,
,,Conepatus humboldtii,
"Mustelidae
Badgers, martens, otters, weasels, etc.",,,
"Lutrinae
Otters",,,
,,"Lutrinae spp. (Except the species included in Appendix I
)",
,"Aonyx capensis microdon (Only the populations of Cameroon and Nigeria; all other populations are included in Appendix II
)",,
,Aonyx cinereus,,
,Enhydra lutris nereis,,
,Lontra felina,,
,Lontra longicaudis,,
,Lontra provocax,,
,Lutra lutra,,
,Lutra nippon,,
,Lutrogale perspicillata,,
,Pteronura brasiliensis,,
"Mustelinae
Grisons, honey badgers, martens, tayra, weasels",,,
,,,Eira barbara (Honduras)
,,,Martes flavigula (India)
,,,Martes foina intermedia (India)
,,,Martes gwatkinsii (India)
,,,Mellivora capensis (Botswana)
,,,Mustela altaica (India)
,,,Mustela erminea ferghanae (India)
,,,Mustela kathiah (India)
,Mustela nigripes,,
,,,Mustela sibirica (India)
"Odobenidae
Walruses",,,
,,,Odobenus rosmarus (Canada)
"Otariidae
Fur seals, sealions",,,
,,"Arctocephalus spp. (Except the species included in Appendix I
)",
,Arctocephalus townsendi,,
"Phocidae
Seals",,,
,,Mirounga leonina,
,Monachus spp.,,
"Procyonidae
Coatis, kinkajous, olingos",,,
,,,Nasua narica (Honduras)
,,,Nasua nasua solitaria (Uruguay)
,,,Potos flavus (Honduras)
"Ursidae
Bears, Giant Panda",,,
,,"Ursidae spp. (Except the species included in Appendix I
)",
,Ailuropoda melanoleuca,,
,Helarctos malayanus,,
,Melursus ursinus,,
,Tremarctos ornatus,,
,"Ursus arctos (Only the populations of Bhutan, China, Mexico and Mongolia; all other populations are included in Appendix II
)",,
,Ursus arctos isabellinus,,
,Ursus thibetanus,,
"Viverridae
Binturong, civets, linsangs, otter-civet, palm civets",,,
,,,Arctictis binturong (India)
,,,Civettictis civetta (Botswana)
,,Cynogale bennettii,
,,Hemigalus derbyanus,
,,,Paguma larvata (India)
,,,Paradoxurus hermaphroditus (India)
,,,Paradoxurus jerdoni (India)
,,Prionodon linsang,
,Prionodon pardicolor,,
,,,Viverra civettina (India)
,,,Viverra zibetha (India)
,,,Viverricula indica (India)
"Cetacea
Dolphins, Porpoises, Whales",,,
,,"Cetacea spp. A6 (Except the species included in Appendix I
)",
"Balaenidae
Bowhead whale, right whales",,,
,Balaena mysticetus,,
,Eubalaena spp.,,
"Balaenopteridae
Fin whales, humpback whales, rorquals",,,
,"Balaenoptera acutorostrata (Except the population of West Greenland, which is included in Appendix II
)",,
,Balaenoptera bonaerensis,,
,Balaenoptera borealis,,
,Balaenoptera edeni,,
,Balaenoptera musculus,,
,Balaenoptera omurai,,
,Balaenoptera physalus,,
,Megaptera novaeangliae,,
"Delphinidae
Dolphins",,,
,Orcaella brevirostris,,
,Orcaella heinsohni,,
,Sotalia spp.,,
,Sousa spp.,,
"Eschrichtiidae
Grey whale",,,
,Eschrichtius robustus,,
"Iniidae
River dolphins",,,
,Lipotes vexillifer,,
"Neobalaenidae
Pygmy right whale",,,
,Caperea marginata,,
"Phocoenidae
Porpoises",,,
,Neophocaena asiaeorientalis,,
,Neophocaena phocaenoides,,
,Phocoena sinus,,
"Physeteridae
Sperm whales",,,
,Physeter macrocephalus,,
"Platanistidae
River dolphins",,,
,Platanista spp.,,
"Ziphiidae
Beaked whales, bottle-nosed whales",,,
,Berardius spp.,,
,Hyperoodon spp.,,
Chiroptera,,,
"Phyllostomidae
Broad-nosed bats",,,
,,,Platyrrhinus lineatus (Uruguay)
"Pteropodidae
Fruit bats, flying foxes",,,
,,"Acerodon spp. (Except the species included in Appendix I
)",
,Acerodon jubatus,,
,,"Pteropus spp. (Except the species included in Appendix I and Pteropus brunneus which is not included in the Appendices
)",
,Pteropus insularis,,
,Pteropus loochoensis,,
,Pteropus mariannus,,
,Pteropus molossinus,,
,Pteropus pelewensis,,
,Pteropus pilosus,,
,Pteropus samoensis,,
,Pteropus tonganus,,
,Pteropus ualanus,,
,Pteropus yapensis,,
Cingulata,,,
"Dasypodidae
Armadillos",,,
,,,Cabassous tatouay (Uruguay)
,,Chaetophractus nationi A7,
,Priodontes maximus,,
Dasyuromorphia,,,
"Dasyuridae
Dunnarts",,,
,Sminthopsis longicaudata,,
,Sminthopsis psammophila,,
Diprotodontia,,,
"Macropodidae
Kangaroos, wallabies",,,
,,Dendrolagus inustus,
,,Dendrolagus ursinus,
,Lagorchestes hirsutus,,
,Lagostrophus fasciatus,,
,Onychogalea fraenata,,
"Phalangeridae
Cuscuses",,,
,,Phalanger intercastellanus,
,,Phalanger mimicus,
,,Phalanger orientalis,
,,Spilocuscus kraemeri,
,,Spilocuscus maculatus,
,,Spilocuscus papuensis,
"Potoroidae
Rat-kangaroos",,,
,Bettongia spp.,,
"Vombatidae
Wombats",,,
,Lasiorhinus krefftii,,
Lagomorpha,,,
"Leporidae
Hares, rabbits",,,
,Caprolagus hispidus,,
,Romerolagus diazi,,
Monotremata,,,
"Tachyglossidae
Echidnas, spiny anteaters",,,
,,Zaglossus spp.,
Peramelemorphia,,,
"Peramelidae
Bandicoots, echymiperas",,,
,Perameles bougainville,,
"Thylacomyidae
Bilbies",,,
,Macrotis lagotis,,
Perissodactyla,,,
"Equidae
Horses, wild asses, zebras",,,
,"Equus africanus {Excludes the domesticated form, which is referenced as Equus asinus and is not subject to the provisions of the Convention}",,
,Equus grevyi,,
,,"Equus hemionus (Except the subspecies included in Appendix I
)",
,Equus hemionus hemionus,,
,Equus hemionus khur,,
,Equus hemionus luteus,,
,,Equus kiang,
,Equus przewalskii,,
,,Equus zebra hartmannae,
,,Equus zebra zebra,
"Rhinocerotidae
Rhinoceroses",,,
,"Rhinocerotidae spp. (Except the subspecies included in Appendix II
)",,
,,"Ceratotherium simum simum A8 A9 (Only the populations of Eswatini, Namibia and South Africa; all other populations are included in Appendix I
)",
"Tapiridae
Tapirs",,,
,"Tapiridae spp. (Except the species included in Appendix II
)",,
,,Tapirus terrestris,
Pholidota,,,
"Manidae
Pangolins",,,
,,"Manis spp. (Except the species included in Appendix I
)",
,Manis crassicaudata,,
,Manis culionensis,,
,Manis gigantea,,
,Manis javanica,,
,Manis pentadactyla,,
,Manis temminckii,,
,Manis tetradactyla,,
,Manis tricuspis,,
Pilosa,,,
"Bradypodidae
Three-toed sloths",,,
,,Bradypus pygmaeus,
,,Bradypus variegatus,
"Myrmecophagidae
American anteaters",,,
,,Myrmecophaga tridactyla,
,,,Tamandua mexicana (Guatemala)
"Primates
Apes, Monkeys",,,
,,"Primates spp. (Except the species included in Appendix I
)",
"Atelidae
Howler monkeys, spider monkeys",,,
,Alouatta palliata,,
,Alouatta pigra,,
,Ateles geoffroyi frontatus,,
,Ateles geoffroyi ornatus,,
,Brachyteles arachnoides,,
,Brachyteles hypoxanthus,,
,Oreonax flavicauda,,
"Cebidae
Marmosets, tamarins, new-world monkeys",,,
,Callimico goeldii,,
,Callithrix aurita,,
,Callithrix flaviceps,,
,Leontopithecus spp.,,
,Saguinus bicolor,,
,Saguinus geoffroyi,,
,Saguinus leucopus,,
,Saguinus martinsi,,
,Saguinus oedipus,,
,Saimiri oerstedii,,
"Cercopithecidae
Old-world monkeys",,,
,Cercocebus galeritus,,
,Cercopithecus diana,,
,Cercopithecus roloway,,
,Macaca silenus,,
,Macaca sylvanus,,
,Mandrillus leucophaeus,,
,Mandrillus sphinx,,
,Nasalis larvatus,,
,Piliocolobus kirkii,,
,Piliocolobus rufomitratus,,
,Presbytis potenziani,,
,Pygathrix spp.,,
,Rhinopithecus spp.,,
,Semnopithecus ajax,,
,Semnopithecus dussumieri,,
,Semnopithecus entellus,,
,Semnopithecus hector,,
,Semnopithecus hypoleucos,,
,Semnopithecus priam,,
,Semnopithecus schistaceus,,
,Simias concolor,,
,Trachypithecus geei,,
,Trachypithecus pileatus,,
,Trachypithecus shortridgei,,
"Cheirogaleidae
Dwarf lemurs",,,
,Cheirogaleidae spp.,,
"Daubentoniidae
Aye-aye",,,
,Daubentonia madagascariensis,,
"Hominidae
Apes, chimpanzees, gorillas, orang-utans",,,
,Gorilla beringei,,
,Gorilla gorilla,,
,Pan spp.,,
,Pongo abelii,,
,Pongo pygmaeus,,
,Pongo tapanuliensis,,
"Hylobatidae
Gibbons",,,
,Hylobatidae spp.,,
"Indriidae
Avahi, Indris, Sifakas, Woolly Lemurs",,,
,Indriidae spp.,,
"Lemuridae
Large Lemurs",,,
,Lemuridae spp.,,
"Lepilemuridae
Sportive lemurs",,,
,Lepilemuridae spp.,,
"Lorisidae
Lorises",,,
,Nycticebus spp.,,
"Pitheciidae
Sakis, uakaris",,,
,Cacajao spp.,,
,Chiropotes albinasus,,
Proboscidea,,,
"Elephantidae
Elephants",,,
,Elephas maximus,,
,"Loxodonta africana (Except the populations of Botswana, Namibia, South Africa and Zimbabwe, which are included in Appendix II subject to annotation A10
)",,
,,"Loxodonta africana A10 (Only the populations of Botswana, Namibia, South Africa and Zimbabwe; all other populations are included in Appendix I
)",
Rodentia,,,
"Chinchillidae
Chinchillas",,,
,Chinchilla spp. A1,,
"Cuniculidae
Pacas",,,
,,,Cuniculus paca (Honduras)
"Dasyproctidae
Agoutis",,,
,,,Dasyprocta punctata (Honduras)
"Erethizontidae
New-world porcupines",,,
,,,Sphiggurus mexicanus (Honduras)
,,,Sphiggurus spinosus (Uruguay)
"Muridae
Mice, rats",,,
,,Leporillus conditor,
,,Pseudomys fieldi,
,,Xeromys myoides,
,,Zyzomys pedunculatus,
"Sciuridae
Ground squirrels, tree squirrels",,,
,,Cynomys mexicanus,
,,,Marmota caudata (India)
,,,Marmota himalayana (India)
,,Ratufa spp.,
"Scandentia
Tree Shrews",,,
,,Scandentia spp.,
Sirenia,,,
"Dugongidae
Dugong",,,
,Dugong dugon,,
"Trichechidae
Manatees",,,
,Trichechus inunguis,,
,Trichechus manatus,,
,Trichechus senegalensis,,
"Class
Aves",,,
Anseriformes,,,
"Anatidae
Ducks, geese, swans, etc.",,,
,Anas aucklandica,,
,,Anas bernieri,
,Anas chlorotis,,
,,Anas formosa,
,Anas laysanensis,,
,Anas nesiotis,,
,Asarcornis scutulata,,
,,Branta canadensis leucopareia,
,,Branta ruficollis,
,Branta sandvicensis,,
,,Coscoroba coscoroba,
,,Cygnus melancoryphus,
,,Dendrocygna arborea,
,,,Dendrocygna autumnalis (Honduras)
,,,Dendrocygna bicolor (Honduras)
,,Oxyura leucocephala,
,Rhodonessa caryophyllacea,,
,,Sarkidiornis melanotos,
Apodiformes,,,
"Trochilidae
Hummingbirds",,,
,,"Trochilidae spp. (Except the species included in Appendix I
)",
,Glaucis dohrnii,,
Charadriiformes,,,
"Burhinidae
Thick-knees",,,
,,,Burhinus bistriatus (Guatemala)
"Laridae
Gulls",,,
,Larus relictus,,
"Scolopacidae
Curlews, greenshanks",,,
,Numenius borealis,,
,Numenius tenuirostris,,
,Tringa guttifer,,
Ciconiiformes,,,
"Balaenicipitidae
Shoebills, whale-headed storks",,,
,,Balaeniceps rex,
"Ciconiidae
Storks",,,
,Ciconia boyciana,,
,,Ciconia nigra,
,Jabiru mycteria,,
,Mycteria cinerea,,
"Phoenicopteridae
Flamingos",,,
,,Phoenicopteridae spp.,
"Threskiornithidae
Ibises, spoonbills",,,
,,Eudocimus ruber,
,,Geronticus calvus,
,Geronticus eremita,,
,Nipponia nippon,,
,,Platalea leucorodia,
Columbiformes,,,
"Columbidae
Doves, pigeons",,,
,Caloenas nicobarica,,
,Ducula mindorensis,,
,,Gallicolumba luzonica,
,,Goura spp.,
,,,Nesoenas mayeri (Mauritius)
Coraciiformes,,,
"Bucerotidae
Hornbills",,,
,,"Aceros spp. (Except the species included in Appendix I
)",
,Aceros nipalensis,,
,,Anorrhinus spp.,
,,Anthracoceros spp.,
,,Berenicornis spp.,
,,"Buceros spp. (Except the species included in Appendix I
)",
,Buceros bicornis,,
,,Penelopides spp.,
,Rhinoplax vigil,,
,,"Rhyticeros spp. (Except the species included in Appendix I
)",
,Rhyticeros subruficollis,,
Cuculiformes,,,
"Musophagidae
Turacos",,,
,,Tauraco spp.,
"Falconiformes
Eagles, Falcons, Hawks, Vultures",,,
,,"Falconiformes spp. (Except the species included in Appendices I and III and Caracara lutosa, Cathartes aura, Cathartes burrovianus, Cathartes melambrotus and Coragyps atratus which are not included in the Appendices
)",
"Accipitridae
Hawks, eagles",,,
,Aquila adalberti,,
,Aquila heliaca,,
,Chondrohierax wilsonii,,
,Haliaeetus albicilla,,
,Harpia harpyja,,
,Pithecophaga jefferyi,,
"Cathartidae
New-world vultures",,,
,Gymnogyps californianus,,
,,,Sarcoramphus papa (Honduras)
,Vultur gryphus,,
"Falconidae
Falcons",,,
,Falco araeus,,
,Falco jugger,,
,"Falco newtoni (Only the population of Seychelles; all other populations are included in Appendix II
)",,
,Falco peregrinus,,
,Falco punctatus,,
,Falco rusticolus,,
Galliformes,,,
"Cracidae
Chachalacas, currassows, guans",,,
,,,Crax alberti (Colombia)
,Crax blumenbachii,,
,,,Crax daubentoni (Colombia)
,,,Crax globulosa (Colombia)
,,,"Crax rubra (Colombia, Guatemala, Honduras)"
,Mitu mitu,,
,Oreophasis derbianus,,
,,,"Ortalis vetula (Guatemala, Honduras)"
,,,Pauxi pauxi (Colombia)
,Penelope albipennis,,
,,,Penelope purpurascens (Honduras)
,,,Penelopina nigra (Guatemala)
,Pipile jacutinga,,
,Pipile pipile,,
"Megapodiidae
Megapodes, scrubfowl",,,
,Macrocephalon maleo,,
"Phasianidae
Grouse, guineafowl, partridges, peafowl, pheasants, tragopans",,,
,,Argusianus argus,
,Catreus wallichii,,
,Colinus virginianus ridgwayi,,
,Crossoptilon crossoptilon,,
,Crossoptilon mantchuricum,,
,,Gallus sonneratii,
,,Ithaginis cruentus,
,Lophophorus impejanus,,
,Lophophorus lhuysii,,
,Lophophorus sclateri,,
,Lophura edwardsi,,
,,,Lophura leucomelanos (Pakistan)
,Lophura swinhoii,,
,,,Meleagris ocellata (Guatemala)
,,,Pavo cristatus (Pakistan)
,,Pavo muticus,
,,Polyplectron bicalcaratum,
,,Polyplectron germaini,
,,Polyplectron malacense,
,Polyplectron napoleonis,,
,,Polyplectron schleiermacheri,
,,,Pucrasia macrolopha (Pakistan)
,Rheinardia ocellata,,
,Syrmaticus ellioti,,
,Syrmaticus humiae,,
,Syrmaticus mikado,,
,,Syrmaticus reevesii,
,Tetraogallus caspius,,
,Tetraogallus tibetanus,,
,Tragopan blythii,,
,Tragopan caboti,,
,Tragopan melanocephalus,,
,,,Tragopan satyra (Nepal)
,,Tympanuchus cupido attwateri,
Gruiformes,,,
"Gruidae
Cranes",,,
,,"Gruidae spp. (Except the species included in Appendix I
)",
,Antigone canadensis nesiotes,,
,Antigone canadensis pulla,,
,Antigone vipio,,
,Balearica pavonina,,
,Grus americana,,
,Grus japonensis,,
,Grus monacha,,
,Grus nigricollis,,
,Leucogeranus leucogeranus,,
"Otididae
Bustards",,,
,,"Otididae spp. (Except the species included in Appendix I
)",
,Ardeotis nigriceps,,
,Chlamydotis macqueenii,,
,Chlamydotis undulata,,
,Houbaropsis bengalensis,,
"Rallidae
Rails",,,
,Hypotaenidia sylvestris,,
"Rhynochetidae
Kagu",,,
,Rhynochetos jubatus,,
Passeriformes,,,
"Alaudidae
Larks",,,
,,,Alauda arvensis (Population of Ukraine) (Ukraine)
,,,Galerida cristata (Population of Ukraine) (Ukraine)
,,,Lullula arborea (Population of Ukraine) (Ukraine)
,,,Melanocorypha calandra (Population of Ukraine) (Ukraine)
"Atrichornithidae
Scrub-birds",,,
,Atrichornis clamosus,,
"Cotingidae
Cotingas",,,
,,,Cephalopterus ornatus (Colombia)
,,,Cephalopterus penduliger (Colombia)
,Cotinga maculata,,
,,Rupicola spp.,
,Xipholena atropurpurea,,
"Emberizidae
Cardinals, tanagers",,,
,,,Emberiza citrinella (Population of Ukraine) (Ukraine)
,,,Emberiza hortulana (Population of Ukraine) (Ukraine)
,,Gubernatrix cristata,
,,,Melopyrrha nigra (Cuba)
,,Paroaria capitata,
,,Paroaria coronata,
,,Tangara fastuosa,
,,,Tiaris canorus (Cuba)
"Estrildidae
Mannikins, waxbills",,,
,,Amandava formosa,
,,Lonchura oryzivora,
,,Poephila cincta cincta,
"Fringillidae
Finches",,,
,,,Carduelis cannabina (Population of Ukraine) (Ukraine)
,,,Carduelis carduelis (Population of Ukraine) (Ukraine)
,Carduelis cucullata,,
,,,Carduelis flammea (Population of Ukraine) (Ukraine)
,,,Carduelis hornemanni (Population of Ukraine) (Ukraine)
,,,Carduelis spinus (Population of Ukraine) (Ukraine)
,,Carduelis yarrellii,
,,,Carpodacus erythrinus (Population of Ukraine) (Ukraine)
,,,Loxia curvirostra (Population of Ukraine) (Ukraine)
,,,Pyrrhula pyrrhula (Population of Ukraine) (Ukraine)
,,,Serinus serinus (Population of Ukraine) (Ukraine)
"Hirundinidae
Martins",,,
,Pseudochelidon sirintarae,,
"Icteridae
New-world blackbirds",,,
,Xanthopsar flavus,,
"Meliphagidae
Honeyeaters",,,
,,Lichenostomus melanops cassidix,
"Muscicapidae
Old-world flycatchers",,,
,,,Acrocephalus rodericanus (Mauritius)
,,Copsychus malabaricus,
,,Cyornis ruckii,
,,Dasyornis broadbenti litoralis,
,,Dasyornis longirostris,
,,,Erithacus rubecula (Population of Ukraine) (Ukraine)
,,,Ficedula parva (Population of Ukraine) (Ukraine)
,,Garrulax canorus,
,,Garrulax taewanus,
,,,Hippolais icterina (Population of Ukraine) (Ukraine)
,,Leiothrix argentauris,
,,Leiothrix lutea,
,,Liocichla omeiensis,
,,,Luscinia luscinia (Population of Ukraine) (Ukraine)
,,,Luscinia megarhynchos (Population of Ukraine) (Ukraine)
,,,Luscinia svecica (Population of Ukraine) (Ukraine)
,,,Monticola saxatilis (Population of Ukraine) (Ukraine)
,Picathartes gymnocephalus,,
,Picathartes oreas,,
,,,Sylvia atricapilla (Population of Ukraine) (Ukraine)
,,,Sylvia borin (Population of Ukraine) (Ukraine)
,,,Sylvia curruca (Population of Ukraine) (Ukraine)
,,,Sylvia nisoria (Population of Ukraine) (Ukraine)
,,,Terpsiphone bourbonnensis (Mauritius)
,,,Turdus merula (Population of Ukraine) (Ukraine)
,,,Turdus philomelos (Population of Ukraine) (Ukraine)
"Oriolidae
Orioles",,,
,,,Oriolus oriolus (Population of Ukraine) (Ukraine)
"Paradisaeidae
Birds Of Paradise",,,
,,Paradisaeidae spp.,
"Paridae
Tits",,,
,,,Parus ater (Population of Ukraine) (Ukraine)
"Pittidae
Pittas",,,
,,Pitta guajana,
,Pitta gurneyi,,
,Pitta kochi,,
,,Pitta nympha,
"Pycnonotidae
Bulbuls",,,
,Pycnonotus zeylanicus,,
"Sturnidae
Mynas, starlings",,,
,,Gracula religiosa,
,Leucopsar rothschildi,,
"Troglodytidae
Wrens",,,
,,,Troglodytes troglodytes (Population of Ukraine) (Ukraine)
"Zosteropidae
White-eyes",,,
,Zosterops albogularis,,
Pelecaniformes,,,
"Fregatidae
Frigatebirds",,,
,Fregata andrewsi,,
"Pelecanidae
Pelicans",,,
,Pelecanus crispus,,
"Sulidae
Gannets",,,
,Papasula abbotti,,
Piciformes,,,
"Capitonidae
Barbets",,,
,,,Semnornis ramphastinus (Colombia)
"Picidae
Woodpeckers",,,
,Dryocopus javensis richardsi,,
"Ramphastidae
Toucans",,,
,,,Baillonius bailloni (Argentina)
,,Pteroglossus aracari,
,,,Pteroglossus castanotis (Argentina)
,,Pteroglossus viridis,
,,,Ramphastos dicolorus (Argentina)
,,Ramphastos sulfuratus,
,,Ramphastos toco,
,,Ramphastos tucanus,
,,Ramphastos vitellinus,
,,,Selenidera maculirostris (Argentina)
Podicipediformes,,,
"Podicipedidae
Grebes",,,
,Podilymbus gigas,,
Procellariiformes,,,
"Diomedeidae
Albatrosses",,,
,,Phoebastria albatrus,
Psittaciformes,,,
,,"Psittaciformes spp. (Except for the species included in Appendix I and Agapornis roseicollis, Melopsittacus undulatus, Nymphicus hollandicus and Psittacula krameri, which are not included in the Appendices.
)",
"Cacatuidae
Cockatoos",,,
,Cacatua goffiniana,,
,Cacatua haematuropygia,,
,Cacatua moluccensis,,
,Cacatua sulphurea,,
,Probosciger aterrimus,,
"Loriidae
Lories, lorikeets",,,
,Eos histrio,,
,Vini ultramarina,,
"Psittacidae
Amazons, macaws, parakeets, parrots",,,
,Amazona arausiaca,,
,Amazona auropalliata,,
,Amazona barbadensis,,
,Amazona brasiliensis,,
,Amazona finschi,,
,Amazona guildingii,,
,Amazona imperialis,,
,Amazona leucocephala,,
,Amazona oratrix,,
,Amazona pretrei,,
,Amazona rhodocorytha,,
,Amazona tucumana,,
,Amazona versicolor,,
,Amazona vinacea,,
,Amazona viridigenalis,,
,Amazona vittata,,
,Anodorhynchus spp.,,
,Ara ambiguus,,
,Ara glaucogularis,,
,Ara macao,,
,Ara militaris,,
,Ara rubrogenys,,
,Cyanopsitta spixii,,
,Cyanoramphus cookii,,
,Cyanoramphus forbesi,,
,Cyanoramphus novaezelandiae,,
,Cyanoramphus saisseti,,
,Cyclopsitta diophthalma coxeni,,
,Eunymphicus cornutus,,
,Guarouba guarouba,,
,Neophema chrysogaster,,
,Ognorhynchus icterotis,,
,Pezoporus flaviventris,,
,Pezoporus occidentalis,,
,Pezoporus wallicus,,
,Pionopsitta pileata,,
,Primolius couloni,,
,Primolius maracana,,
,Psephotellus chrysopterygius,,
,Psephotellus dissimilis,,
,Psephotellus pulcherrimus,,
,Psittacula echo,,
,Psittacus erithacus,,
,Pyrrhura cruentata,,
,Rhynchopsitta spp.,,
,Strigops habroptila,,
Rheiformes,,,
"Rheidae
Rheas",,,
,"Pterocnemia pennata (Except the subspecies included in Appendix II
)",,
,,Pterocnemia pennata pennata,
,,Rhea americana,
Sphenisciformes,,,
"Spheniscidae
Penguins",,,
,,Spheniscus demersus,
,Spheniscus humboldti,,
"Strigiformes
Owls",,,
,,"Strigiformes spp. (Except the species included in Appendix I and Sceloglaux albifacies which is not included in the Appendices
)",
"Strigidae
Owls",,,
,Heteroglaux blewitti,,
,Mimizuku gurneyi,,
,Ninox natalis,,
"Tytonidae
Barn owls",,,
,Tyto soumagnei,,
Struthioniformes,,,
"Struthionidae
Ostriches",,,
,"Struthio camelus (Only the populations of Algeria, Burkina Faso, Cameroon, the Central African Republic, Chad, Mali, Mauritania, Morocco, Niger, Nigeria, Senegal and Sudan; no other population is included in the Appendices
)",,
Tinamiformes,,,
"Tinamidae
Tinamous",,,
,Tinamus solitarius,,
Trogoniformes,,,
"Trogonidae
Quetzals",,,
,Pharomachrus mocinno,,
"Class
Reptilia",,,
"Crocodylia
Alligators, Caimans, Crocodiles",,,
,,"Crocodylia spp. (Except the species included in Appendix I
)",
"Alligatoridae
Alligators, caimans",,,
,Alligator sinensis,,
,Caiman crocodilus apaporiensis,,
,"Caiman latirostris A11 (Except the populations of Argentina and Brazil, which are included in Appendix II
)",,
,"Melanosuchus niger A12 (Except the populations of Brazil and Ecuador which are included in Appendix II
)",,
"Crocodylidae
Crocodiles",,,
,"Crocodylus acutus A13 (Except the populations of Colombia Integrated Management District of Mangroves of the Bay of Cispata, Tinajones, La Balsa and Surrounding Areas, Department of Córdoba, Cuba and Mexico which are included in Appendix II
)",,
,Crocodylus cataphractus,,
,Crocodylus intermedius,,
,Crocodylus mindorensis,,
,"Crocodylus moreletii A14 (Except the populations of Belize and Mexico, which are included in Appendix II
)",,
,"Crocodylus niloticus A15 A16 (Except the populations of Botswana, Egypt, Ethiopia, Kenya, Madagascar, Malawi, Mozambique, Namibia, South Africa, Uganda, the United Republic of Tanzania, Zambia and Zimbabwe, which are included in Appendix II
)",,
,Crocodylus palustris,,
,"Crocodylus porosus A17 A18 (Except the populations of Australia, Indonesia, Malaysia, Papua New Guinea and the Philippines [population of the Palawan Islands], which are included in Appendix II
)",,
,Crocodylus rhombifer,,
,Crocodylus siamensis,,
,Osteolaemus tetraspis,,
,Tomistoma schlegelii,,
"Gavialidae
Gavials",,,
,Gavialis gangeticus,,
Rhynchocephalia,,,
"Sphenodontidae
Tuataras",,,
,Sphenodon spp.,,
Sauria,,,
"Agamidae
Spiny-tailed lizards, agamas",,,
,,,Calotes ceylonensis (Sri Lanka)
,,,Calotes desilvai (Sri Lanka)
,,,Calotes liocephalus (Sri Lanka)
,,,Calotes liolepis (Sri Lanka)
,,,Calotes manamendrai (Sri Lanka)
,,,Calotes nigrilabris (Sri Lanka)
,,,Calotes pethiyagodai (Sri Lanka)
,,Ceratophora aspera A19,
,Ceratophora erdeleni,,
,Ceratophora karu,,
,,Ceratophora stoddartii A19,
,Ceratophora tennentii,,
,Cophotis ceylanica,,
,Cophotis dumbara,,
,,,Ctenophorus spp. (Australia)
,,,Intellagama spp. (Australia)
,,Lyriocephalus scutatus A19,
,,Physignathus cocincinus,
,,Saara spp.,
,,,Tympanocryptis spp. (Australia)
,,Uromastyx spp.,
"Anguidae
Alligator lizards",,,
,,"Abronia spp. A20 (Except the species included in Appendix I
)",
,Abronia anzuetoi,,
,Abronia campbelli,,
,Abronia fimbriata,,
,Abronia frosti,,
,Abronia meledona,,
"Chamaeleonidae
Chameleons",,,
,,Archaius spp.,
,,Bradypodion spp.,
,,"Brookesia spp. (Except the species included in Appendix I
)",
,Brookesia perarmata,,
,,Calumma spp.,
,,Chamaeleo spp.,
,,Furcifer spp.,
,,Kinyongia spp.,
,,Nadzikambia spp.,
,,Palleon spp.,
,,Rhampholeon spp.,
,,Rieppeleon spp.,
,,Trioceros spp.,
"Cordylidae
Spiny-tailed lizards",,,
,,Cordylus spp.,
,,Hemicordylus spp.,
,,Karusaurus spp.,
,,Namazonurus spp.,
,,Ninurta spp.,
,,Ouroborus spp.,
,,Pseudocordylus spp.,
,,Smaug spp.,
"Eublepharidae
Eyelid geckos",,,
,,Goniurosaurus spp. (Except the species native to Japan),
,,,Goniurosaurus kuroiwae #18 (Japan)
,,,Goniurosaurus orientalis #18 (Japan)
,,,Goniurosaurus sengokui #18 (Japan)
,,,Goniurosaurus splendens #18 (Japan)
,,,Goniurosaurus toyamai #18 (Japan)
,,,Goniurosaurus yamashinae #18 (Japan)
"Gekkonidae
Geckos",,,
,,,Ailuronyx spp. (Seychelles)
,,,Carphodactylus spp. (Australia)
,Cnemaspis psychedelica,,
,,Cyrtodactylus jeyporensis,
,,,Dactylocnemis spp. (New Zealand)
,,Gekko gecko,
,Gonatodes daudini,,
,,,Hoplodactylus spp. (New Zealand)
,Lygodactylus williamsi,,
,,,Mokopirirakau spp. (New Zealand)
,,Nactus serpensinsula,
,,Naultinus spp.,
,,,Nephrurus spp. (Australia)
,,,Orraya spp. (Australia)
,,Paroedura androyensis,
,,Paroedura masobe,
,,Phelsuma spp.,
,,,Phyllurus spp. (Australia)
,,Rhoptropella spp.,
,,,Saltuarius spp. (Australia)
,,,Sphaerodactylus armasi (Cuba)
,,,Sphaerodactylus celicara (Cuba)
,,,Sphaerodactylus dimorphicus (Cuba)
,,,Sphaerodactylus intermedius (Cuba)
,,,Sphaerodactylus nigropunctatus alayoi (Cuba)
,,,Sphaerodactylus nigropunctatus granti (Cuba)
,,,Sphaerodactylus nigropunctatus lissodesmus (Cuba)
,,,Sphaerodactylus nigropunctatus ocujal (Cuba)
,,,Sphaerodactylus nigropunctatus strategus (Cuba)
,,,Sphaerodactylus notatus atactus (Cuba)
,,,Sphaerodactylus oliveri (Cuba)
,,,Sphaerodactylus pimienta (Cuba)
,,,Sphaerodactylus ruibali (Cuba)
,,,Sphaerodactylus siboney (Cuba)
,,,Sphaerodactylus torrei (Cuba)
,,,Strophurus spp. (Australia)
,,Tarentola chazaliae,
,,,Toropuku spp. (New Zealand)
,,,Tukutuku spp. (New Zealand)
,,,Underwoodisaurus spp. (Australia)
,,Uroplatus spp.,
,,,Uvidicolus spp. (Australia)
,,,Woodworthia spp. (New Zealand)
"Helodermatidae
Beaded lizards, Gila monsters",,,
,,"Heloderma spp. (Except the subspecies included in Appendix I
)",
,Heloderma horridum charlesbogerti,,
"Iguanidae
Iguanas",,,
,,Amblyrhynchus cristatus,
,Brachylophus spp.,,
,,Conolophus spp.,
,,Ctenosaura spp.,
,Cyclura spp.,,
,,Iguana spp.,
,Sauromalus varius,,
"Lacertidae
Lizards",,,
,Gallotia simonyi,,
,,Podarcis lilfordi,
,,Podarcis pityusensis,
"Lanthanotidae
Earless monitor lizards",,,
,,Lanthanotidae spp. A19,
Phrynosomatidae,,,
,,Phrynosoma spp.,
"Polychrotidae
Anoles",,,
,,,Anolis agueroi (Cuba)
,,,Anolis baracoae (Cuba)
,,,Anolis barbatus (Cuba)
,,,Anolis chamaeleonides (Cuba)
,,,Anolis equestris (Cuba)
,,,Anolis guamuhaya (Cuba)
,,,Anolis luteogularis (Cuba)
,,,Anolis pigmaequestris (Cuba)
,,,Anolis porcus (Cuba)
"Scincidae
Skinks",,,
,,Corucia zebrata,
,,,Egernia spp. (Australia)
,Tiliqua adelaidensis,,
,,,Tiliqua multifasciata (Australia)
,,,Tiliqua nigrolutea (Australia)
,,,Tiliqua occipitalis (Australia)
,,,Tiliqua rugosa (Australia)
,,,Tiliqua scincoides intermedia (Australia)
,,,Tiliqua scincoides scincoides (Australia)
"Teiidae
Caiman lizards, tegu lizards",,,
,,Crocodilurus amazonicus,
,,Dracaena spp.,
,,Salvator spp.,
,,Tupinambis spp.,
"Varanidae
Monitor lizards",,,
,,"Varanus spp. (Except the species included in Appendix I
)",
,Varanus bengalensis,,
,Varanus flavescens,,
,Varanus griseus,,
,Varanus komodoensis,,
,Varanus nebulosus,,
"Xenosauridae
Chinese crocodile lizard",,,
,Shinisaurus crocodilurus,,
"Serpentes
Snakes",,,
"Boidae
Boas",,,
,,"Boidae spp. (Except the species included in Appendix I
)",
,Acrantophis spp.,,
,Boa constrictor occidentalis,,
,Chilabothrus monensis,,
,Chilabothrus subflavus,,
,Sanzinia madagascariensis,,
"Bolyeriidae
Round Island Boas",,,
,,"Bolyeriidae spp. (Except the species included in Appendix I
)",
,Bolyeria multocarinata,,
,Casarea dussumieri,,
"Colubridae
Typical snakes, water snakes, whipsnakes",,,
,,,Atretium schistosum (India)
,,,Cerberus rynchops (India)
,,Clelia clelia,
,,Cyclagras gigas,
,,Elachistodon westermanni,
,,Ptyas mucosus,
,,,Xenochrophis piscator (India)
,,,Xenochrophis schnurrenbergeri (India)
,,,Xenochrophis tytleri (India)
"Elapidae
Cobras, coral snakes",,,
,,Hoplocephalus bungaroides,
,,,Micrurus diastema (Honduras)
,,,Micrurus nigrocinctus (Honduras)
,,,Micrurus ruatanus (Honduras)
,,Naja atra,
,,Naja kaouthia,
,,Naja mandalayensis,
,,Naja naja,
,,Naja oxiana,
,,Naja philippinensis,
,,Naja sagittifera,
,,Naja samarensis,
,,Naja siamensis,
,,Naja sputatrix,
,,Naja sumatrana,
,,Ophiophagus hannah,
"Loxocemidae
Mexican Dwarf Boa",,,
,,Loxocemidae spp.,
"Pythonidae
Pythons",,,
,,"Pythonidae spp. (Except the species included in Appendix I
)",
,Python molurus,,
"Tropidophiidae
Wood Boas",,,
,,Tropidophiidae spp.,
"Viperidae
Vipers",,,
,,Atheris desaixi,
,,Bitis worthingtoni,
,,,Crotalus durissus (Honduras)
,,,Daboia palaestinae (Israel)
,,,Daboia russelii (India)
,,Montivipera wagneri,
,,Protobothrops mangshanensis,
,,Pseudocerastes urarachnoides,
,"Vipera ursinii (Only the population of Europe, except the area which formerly constituted the Union of Soviet Socialist Republics; these latter populations are not included in the Appendices
)",,
Testudines,,,
"Carettochelyidae
Pig-nosed turtles",,,
,,Carettochelys insculpta,
"Chelidae
Side-neck turtles",,,
,,Chelodina mccordi A21,
,,Chelus fimbriatus {Includes Chelus orinocensis},
,Pseudemydura umbrina,,
"Cheloniidae
Marine Turtles, sea turtle, Sea turtles",,,
,Cheloniidae spp.,,
"Chelydridae
Snapping turtles",,,
,,Chelydra serpentina,
,,Macrochelys temminckii,
"Dermatemydidae
Central American river turtles",,,
,,Dermatemys mawii,
"Dermochelyidae
Leatherback turtles",,,
,Dermochelys coriacea,,
"Emydidae
Box turtles, freshwater turtles",,,
,,Clemmys guttata,
,,Emydoidea blandingii,
,,,Emys orbicularis (Population of Ukraine) (Ukraine)
,,Glyptemys insculpta,
,Glyptemys muhlenbergii,,
,,,"Graptemys spp. (Except the species included in Appendix II
) (United States of America)"
,,Graptemys barbouri,
,,Graptemys ernsti,
,,Graptemys gibbonsi,
,,Graptemys pearlensis,
,,Graptemys pulchra,
,,Malaclemys terrapin,
,,"Terrapene spp. (Except the species included in Appendix I
)",
,Terrapene coahuila,,
"Geoemydidae
Box turtles, freshwater turtles",,,
,Batagur affinis,,
,Batagur baska,,
,,Batagur borneoensis A22,
,,Batagur dhongoka,
,Batagur kachuga,,
,,Batagur trivittata A22,
,,"Cuora spp. A22 (Except the species included in Appendix I) (Cuora aurocapitata, C. flavomarginata, C. mccordi, C. mouhoti, C. pani, C. trifasciata, C. yunnanensis and C. zhoui are subject to annotation A22)
)",
,Cuora bourreti,,
,Cuora galbinifrons,,
,Cuora picturata,,
,,Cyclemys spp.,
,Geoclemys hamiltonii,,
,,Geoemyda japonica,
,,Geoemyda spengleri,
,,Hardella thurjii,
,,Heosemys annandalii A22,
,,Heosemys depressa A22,
,,Heosemys grandis,
,,Heosemys spinosa,
,,Leucocephalon yuwonoi,
,,Malayemys khoratensis,
,,Malayemys macrocephala,
,,Malayemys subtrijuga,
,Mauremys annamensis,,
,,Mauremys japonica,
,,Mauremys mutica,
,,Mauremys nigricans,
,,,Mauremys reevesii (China)
,,,Mauremys sinensis (China)
,Melanochelys tricarinata,,
,,Melanochelys trijuga,
,Morenia ocellata,,
,,Morenia petersi,
,,Notochelys platynota,
,,Orlitia borneensis A22,
,,"Pangshura spp. (Except the species included in Appendix I
)",
,Pangshura tecta,,
,,Rhinoclemmys spp.,
,,Sacalia bealei,
,,Sacalia quadriocellata,
,,Siebenrockiella crassicollis,
,,Siebenrockiella leytensis,
,,Vijayachelys silvatica,
"Kinosternidae
Mud turtles",,,
,,Claudius angustatus,
,,"Kinosternon spp. (Except the species included in Appendix I
)",
,Kinosternon cora,,
,Kinosternon vogti,,
,,Staurotypus salvinii,
,,Staurotypus triporcatus,
,,Sternotherus spp.,
"Platysternidae
Big-Headed Turtle",,,
,Platysternidae spp.,,
"Podocnemididae
Afro-American sideneck turtles",,,
,,Erymnochelys madagascariensis,
,,Peltocephalus dumerilianus,
,,Podocnemis spp.,
"Testudinidae
Tortoises",,,
,,"Testudinidae spp. A23 (Except the species included in Appendix I
)",
,Astrochelys radiata,,
,Astrochelys yniphora,,
,Chelonoidis niger,,
,Geochelone elegans,,
,Geochelone platynota,,
,Gopherus flavomarginatus,,
,Malacochersus tornieri,,
,Psammobates geometricus,,
,Pyxis arachnoides,,
,Pyxis planicauda,,
,Testudo kleinmanni,,
"Trionychidae
Softshell turtles",,,
,,Amyda cartilaginea,
,,"Apalone spp. (Except the subspecies included in Appendix I
)",
,Apalone spinifera atra,,
,,"Chitra spp. (Except the species included in Appendix I
)",
,Chitra chitra,,
,Chitra vandijki,,
,,Cyclanorbis elegans,
,,Cyclanorbis senegalensis,
,,Cycloderma aubryi,
,,Cycloderma frenatum,
,,Dogania subplana,
,,Lissemys ceylonensis,
,,Lissemys punctata,
,,Lissemys scutata,
,,Nilssonia formosa,
,Nilssonia gangetica,,
,Nilssonia hurum,,
,Nilssonia leithii,,
,Nilssonia nigricans,,
,,Palea steindachneri,
,,Pelochelys spp.,
,,Pelodiscus axenaria,
,,Pelodiscus maackii,
,,Pelodiscus parviformis,
,,Rafetus euphraticus,
,,Rafetus swinhoei,
,,Trionyx triunguis,
"Class
Amphibia",,,
Anura,,,
"Aromobatidae
Cryptic forest frogs",,,
,,Allobates femoralis,
,,Allobates hodli,
,,Allobates myersi,
,,Allobates zaparo,
,,Anomaloglossus rufulus,
"Bufonidae
Toads",,,
,Altiphrynoides spp.,,
,Atelopus zeteki,,
,Incilius periglenes,,
,Nectophrynoides spp.,,
,Nimbaphrynoides spp.,,
,Sclerophrys channingi,,
,Sclerophrys superciliaris,,
"Calyptocephalellidae
Chilean toads",,,
,,,Calyptocephalella gayi (Chile)
"Centrolenidae
Glass Frog",,,
,,Centrolenidae spp.,
"Dendrobatidae
Poison frogs",,,
,,Adelphobates spp.,
,,Ameerega spp.,
,,Andinobates spp.,
,,Dendrobates spp.,
,,Epipedobates spp.,
,,Excidobates spp.,
,,Hyloxalus azureiventris,
,,Minyobates spp.,
,,Oophaga spp.,
,,Paruwrobates andinus,
,,Paruwrobates erythromos,
,,Phyllobates spp.,
,,Ranitomeya spp.,
"Dicroglossidae
Frogs",,,
,,Euphlyctis hexadactylus,
,,Hoplobatrachus tigerinus,
"Hylidae
Tree frogs",,,
,,"Agalychnis spp. A24{Includes Agalychnis annae, A. callidryas, A. lemur subject to annotation A24, A. moreletti, A. saltator, A. spurrelli and A. terranova}",
"Mantellidae
Mantella frogs",,,
,,Mantella spp.,
"Microhylidae
Tomato frogs",,,
,,Dyscophus antongilii,
,,Dyscophus guineti,
,,Dyscophus insularis,
,,Scaphiophryne boribory,
,,Scaphiophryne gottlebei,
,,Scaphiophryne marmorata,
,,Scaphiophryne spinosa,
"Myobatrachidae
Gastric-brooding frogs",,,
,,"Rheobatrachus spp. (Except Rheobatrachus silus and Rheobatrachus vitellinus which are not included in the Appendices
)",
"Telmatobiidae
Andean water frogs",,,
,Telmatobius culeus,,
Caudata,,,
"Ambystomatidae
Axolotls, mole salamanders",,,
,,Ambystoma dumerilii,
,,Ambystoma mexicanum,
"Cryptobranchidae
Giant salamanders",,,
,Andrias spp.,,
,,,Cryptobranchus alleganiensis (United States of America)
"Hynobiidae
Asiatic salamanders",,,
,,,Hynobius amjiensis (China)
"Salamandridae
Newts and salamanders",,,
,,,Echinotriton andersoni #18 (Japan)
,,Echinotriton chinhaiensis,
,,Echinotriton maxiquadratus,
,,Laotriton laoensis A24,
,Neurergus kaiseri,,
,,Paramesotriton spp.,
,,,Salamandra algira (Algeria)
,,Tylototriton spp.,
"Class
Elasmobranchii
(SHARKS)",,,
Carcharhiniformes,,,
"Carcharhinidae
Requiem sharks",,,
,,Carcharhinidae spp.,
"Sphyrnidae
Hammerhead sharks",,,
,,Sphyrnidae spp.,
Lamniformes,,,
"Alopiidae
Thresher sharks",,,
,,Alopias spp.,
"Cetorhinidae
Basking sharks",,,
,,Cetorhinus maximus,
"Lamnidae
Mackerel sharks",,,
,,Carcharodon carcharias,
,,Isurus oxyrinchus,
,,Isurus paucus,
,,Lamna nasus,
Myliobatiformes,,,
"Myliobatidae
Eagle and mobulid rays",,,
,,Mobula spp.,
"Potamotrygonidae
Freshwater stingrays",,,
,,,Paratrygon aiereba (Colombia)
,,,"Potamotrygon spp. (Only the populations of Brazil not included in Appendix II
) (Brazil)"
,,Potamotrygon albimaculata,
,,,Potamotrygon constellata (Colombia)
,,Potamotrygon henlei,
,,Potamotrygon jabuti,
,,Potamotrygon leopoldi,
,,,Potamotrygon magdalenae (Colombia)
,,Potamotrygon marquesi,
,,,Potamotrygon motoro (Colombia)
,,,Potamotrygon orbignyi (Colombia)
,,,Potamotrygon schroederi (Colombia)
,,,Potamotrygon scobina (Colombia)
,,Potamotrygon signata,
,,Potamotrygon wallacei,
,,,Potamotrygon yepezi (Colombia)
Orectolobiformes,,,
"Rhincodontidae
Whale sharks",,,
,,Rhincodon typus,
Pristiformes,,,
"Pristidae
Sawfishes",,,
,Pristidae spp.,,
Rhinopristiformes,,,
"Glaucostegidae
Guitarfishes",,,
,,Glaucostegus spp.,
"Rhinidae
Wedgefishes",,,
,,Rhinidae spp.,
"Rhinobatidae
Guitarfishes",,,
,,Rhinobatidae spp.,
"Class
Actinopteri
(FISHES)",,,
"Acipenseriformes
Paddlefishes, Sturgeons",,,
,,"Acipenseriformes spp. (Except the species included in Appendix I
)",
"Acipenseridae
Sturgeons",,,
,Acipenser brevirostrum,,
,Acipenser sturio,,
Anguilliformes,,,
"Anguillidae
Freshwater eels",,,
,,Anguilla anguilla,
Cypriniformes,,,
"Catostomidae
Cui-ui",,,
,Chasmistes cujus,,
"Cyprinidae
Carps",,,
,,Caecobarbus geertsii,
,Probarbus jullieni,,
Osteoglossiformes,,,
"Arapaimidae
Arapaimas",,,
,,Arapaima gigas,
"Osteoglossidae
Bonytongue",,,
,Scleropages formosus,,
,Scleropages inscriptus,,
Perciformes,,,
"Labridae
Wrasses",,,
,,Cheilinus undulatus,
"Pomacanthidae
Angelfishes",,,
,,Holacanthus clarionensis,
,,,Holacanthus limbaughi (France)
"Sciaenidae
Totoaba",,,
,Totoaba macdonaldi,,
Siluriformes,,,
"Loricariidae
Armoured catfishes",,,
,,Hypancistrus zebra A19,
"Pangasiidae
Pangasid catfish",,,
,Pangasianodon gigas,,
Syngnathiformes,,,
"Syngnathidae
Pipefishes, seahorses",,,
,,Hippocampus spp.,
"Class
Dipneusti
(LUNGFISHES)",,,
Ceratodontiformes,,,
"Neoceratodontidae
Australian lungfishes",,,
,,Neoceratodus forsteri,
"Class
Coelacanthi
(COELACANTHS)",,,
Coelacanthiformes,,,
"Latimeriidae
Coelacanths",,,
,Latimeria spp.,,
"Phylum
Echinodermata",,,
"Class
Holothuroidea
(SEA CUCUMBERS)",,,
Aspidochirotida,,,
"Stichopodidae
Sea cucumbers",,,
,,,Isostichopus fuscus (Ecuador)
,,Thelenota spp.,
Holothuriida,,,
"Holothuriidae
Teatfishes, Sea cucumbers",,,
,,Holothuria fuscogilva,
,,Holothuria nobilis,
,,Holothuria whitmaei,
"Phylum
Arthropoda",,,
"Class
Arachnida
(SCORPIONS AND SPIDERS)",,,
Araneae,,,
"Theraphosidae
Red-kneed tarantulas, tarantulas",,,
,,Aphonopelma pallidum,
,,Brachypelma spp.,
,,,Caribena versicolor (Listed by the European Union)
,,Poecilotheria spp.,
,,Sericopelma angustum,
,,Sericopelma embrithes,
,,Tliltocatl spp.,
Scorpiones,,,
"Scorpionidae
Scorpions",,,
,,Pandinus camerounensis,
,,Pandinus dictator,
,,Pandinus gambiensis,
,,Pandinus imperator,
,,Pandinus roeseli,
"Class
Insecta
(INSECTS)",,,
Coleoptera,,,
"Lucanidae
Stag beetles",,,
,,,Colophon spp. (South Africa)
"Scarabaeidae
Scarab beetles",,,
,,Dynastes satanas,
Lepidoptera,,,
"Nymphalidae
Brush-footed butterflies",,,
,,,Agrias amydon boliviensis (Bolivia (Plurinational State of))
,,,Morpho godartii lachaumei (Bolivia (Plurinational State of))
,,,Prepona praeneste buckleyana (Bolivia (Plurinational State of))
"Papilionidae
Birdwing butterflies, swallowtail butterflies",,,
,Achillides chikae chikae,,
,Achillides chikae hermeli,,
,,Atrophaneura jophon,
,,Atrophaneura pandiyana,
,,Bhutanitis spp.,
,,"Ornithoptera spp. (Except the species included in Appendix I
)",
,Ornithoptera alexandrae,,
,Papilio homerus,,
,,Papilio hospiton,
,,,Papilio phorbanta (European Union)
,Parides burchellanus,,
,,Parnassius apollo,
,,Teinopalpus spp.,
,,Trogonoptera spp.,
,,Troides spp.,
"Phylum
Annelida",,,
"Class
Hirudinoidea
(LEECHES)",,,
Arhynchobdellida,,,
"Hirudinidae
Medicinal leeches",,,
,,Hirudo medicinalis,
,,Hirudo verbana,
"Phylum
Mollusca",,,
"Class
Bivalvia
(CLAMS AND MUSSELS)",,,
Mytiloida,,,
"Mytilidae
Marine mussels",,,
,,Lithophaga lithophaga,
Unionoida,,,
"Unionidae
Freshwater mussels, pearly mussels",,,
,Conradilla caelata,,
,,Cyprogenia aberti,
,Dromus dromas,,
,Epioblasma curtisii,,
,Epioblasma florentina,,
,Epioblasma sampsonii,,
,Epioblasma sulcata perobliqua,,
,Epioblasma torulosa gubernaculum,,
,,Epioblasma torulosa rangiana,
,Epioblasma torulosa torulosa,,
,Epioblasma turgidula,,
,Epioblasma walkeri,,
,Fusconaia cuneolus,,
,Fusconaia edgariana,,
,Lampsilis higginsii,,
,Lampsilis orbiculata orbiculata,,
,Lampsilis satur,,
,Lampsilis virescens,,
,Plethobasus cicatricosus,,
,Plethobasus cooperianus,,
,,Pleurobema clava,
,Pleurobema plenum,,
,Potamilus capax,,
,Quadrula intermedia,,
,Quadrula sparsa,,
,Toxolasma cylindrella,,
,Unio nickliniana,,
,Unio tampicoensis tecomatensis,,
,Villosa trabalis,,
Veneroida,,,
"Tridacnidae
Giant Clams",,,
,,Tridacnidae spp.,
"Class
Cephalopoda
 (SQUIDS, OCTOPUSES, CUTTLEFISH)",,,
Nautilida,,,
"Nautilidae
Chambered nautilus",,,
,,Nautilidae spp.,
"Class
Gastropoda
(SNAILS AND CONCHES)",,,
Mesogastropoda,,,
"Strombidae
True conchs",,,
,,Strombus gigas,
Stylommatophora,,,
"Achatinellidae
Agate snails, oahu tree snails",,,
,Achatinella spp.,,
"Camaenidae
Green tree snails",,,
,,Papustyla pulcherrima,
"Cepolidae
Helicoid terrestrial snails",,,
,Polymita spp.,,
"Phylum
Cnidaria",,,
"Class
Anthozoa
 (CORALS AND SEA ANEMONES)",,,
"Antipatharia
Black Corals",,,
,,Antipatharia spp.,
Gorgonacea,,,
"Coralliidae
Red and pink corals",,,
,,,Corallium elatius (China)
,,,Corallium japonicum (China)
,,,Corallium konjoi (China)
,,,Corallium secundum (China)
Helioporacea,,,
"Helioporidae
Blue Corals",,,
,,Helioporidae spp. A25 {Includes only the species Heliopora coerulea},
"Scleractinia
Stony Corals",,,
,,Scleractinia spp. A25,
Stolonifera,,,
"Tubiporidae
Organ-Pipe Corals",,,
,,Tubiporidae spp. A25,
"Class
Hydrozoa
(SEA FERNS, FIRE CORALS AND STINGING MEDUSAE)",,,
Milleporina,,,
"Milleporidae
Fire Corals",,,
,,Milleporidae spp. A25,
Stylasterina,,,
"Stylasteridae
Lace Corals",,,
,,Stylasteridae spp. A25,
Flora (Plants),,,
"Agavaceae
Agaves",,,
,Agave parviflora,,
,,Agave victoriae-reginae #4,
,,Nolina interrata,
,,Yucca queretaroensis,
"Aizoaceae
Stone plants",,,
,,,Conophytum spp. (South Africa)
,,,Mestoklema tuberosum (South Africa)
"Amaryllidaceae
Snowdrops, sternbergias",,,
,,Galanthus spp. #4,
,,Sternbergia spp. #4,
"Anacardiaceae
Cashews",,,
,,Operculicarya decaryi,
,,Operculicarya hyphaenoides,
,,Operculicarya pachypus,
"Apocynaceae
Elephant trunks, hoodias, snakewood",,,
,,Hoodia spp. #9,
,,Pachypodium spp. #4 (Except the species included in Appendix I),
,Pachypodium ambongense,,
,Pachypodium baronii,,
,Pachypodium decaryi,,
,Pachypodium windsorii,,
,,,Raphionacme zeyheri (South Africa)
,,Rauvolfia serpentina #2,
"Araliaceae
Ginseng",,,
,,Panax ginseng #3 (Only the population of the Russian Federation; no other population is included in the Appendices.),
,,Panax quinquefolius #3,
"Araucariaceae
Monkey-puzzle trees",,,
,Araucaria araucana,,
"Asparagaceae
Includes ponytail palms",,,
,,Beaucarnea spp.,
"Berberidaceae
May-apple",,,
,,Podophyllum hexandrum #2,
Bignoniaceae,,,
,,Handroanthus spp. #17,
,,Roseodendron spp. #17,
,,Tabebuia spp. #17,
"Bromeliaceae
Air plants, bromelias",,,
,,Tillandsia harrisii #4,
,,Tillandsia kammii #4,
,,Tillandsia xerographica #4,
"Cactaceae
Cacti, Turk's Island Prickly-pear Cactus",,,
,,"Cactaceae spp. P1 #4 (Except the species included in Appendix I and except Pereskia spp., Pereskiopsis spp. and Quiabentia spp. which are not included in the Appendices
)",
,Ariocarpus spp.,,
,Astrophytum asterias,,
,Aztekium ritteri,,
,Coryphantha werdermannii,,
,Discocactus spp.,,
,Echinocereus ferreiranus ssp. lindsayorum,,
,Echinocereus schmollii,,
,Escobaria minima,,
,Escobaria sneedii,,
,Mammillaria pectinifera {Includes the subspecies solisioides},,
,Melocactus conoideus,,
,Melocactus deinacanthus,,
,Melocactus glaucescens,,
,Melocactus paucispinus,,
,Obregonia denegrii,,
,Pachycereus militaris,,
,Pediocactus bradyi,,
,Pediocactus knowltonii,,
,Pediocactus paradinei,,
,Pediocactus peeblesianus,,
,Pediocactus sileri,,
,Pelecyphora spp.,,
,Sclerocactus blainei,,
,Sclerocactus brevihamatus ssp. tobuschii,,
,Sclerocactus brevispinus,,
,Sclerocactus cloverae,,
,Sclerocactus erectocentrus,,
,Sclerocactus glaucus,,
,Sclerocactus mariposensis,,
,Sclerocactus mesae-verdae,,
,Sclerocactus nyensis,,
,Sclerocactus papyracanthus,,
,Sclerocactus pubispinus,,
,Sclerocactus sileri,,
,Sclerocactus wetlandicus,,
,Sclerocactus wrightiae,,
,Strombocactus spp.,,
,Turbinicarpus spp.,,
,Uebelmannia spp.,,
"Caryocaraceae
Ajo",,,
,,Caryocar costaricense #4,
"Compositae
 (Asteraceae) Kuth",,,
,,,Crassothonna clavifolia (South Africa)
,,,Othonna armiana (South Africa)
,,,Othonna cacalioides (South Africa)
,,,Othonna euphorbioides (South Africa)
,,,Othonna retrorsa (South Africa)
,Saussurea costus,,
"Crassulaceae
Roseroot",,,
,,Rhodiola spp. #2,
,,,Tylecodon bodleyae (South Africa)
,,,Tylecodon nolteei (South Africa)
,,,Tylecodon reticulatus (South Africa)
"Cucurbitaceae
Melons, gourds, cucurbits",,,
,,Zygosicyos pubescens,
,,Zygosicyos tripartitus,
"Cupressaceae
Alerce, cypresses",,,
,Fitzroya cupressoides,,
,Pilgerodendron uviferum,,
,,Widdringtonia whytei,
"Cyatheaceae
Tree-ferns",,,
,,Cyathea spp. #4,
"Cycadaceae
Cycads",,,
,,Cycadaceae spp. #4 (Except the species included in Appendix I),
,Cycas beddomei,,
"Dicksoniaceae
Tree-ferns",,,
,,Cibotium barometz #4,
,,Dicksonia spp. #4 (Only the populations of the Americas; no other population is included in the Appendices),
"Didiereaceae
Alluaudias, didiereas",,,
,,Didiereaceae spp. #4,
"Dioscoreaceae
Elephant’s foot, kniss",,,
,,Dioscorea deltoidea #4,
"Droseraceae
Venus’ flytrap",,,
,,Dionaea muscipula #4,
"Ebenaceae
Ebonies",,,
,,"Diospyros spp. #5 (Only the populations of Madagascar; no other population is included in the Appendices
)",
"Euphorbiaceae
Spurges",,,
,,"Euphorbia spp. P2 #4 (Succulent species only, except the species included in Appendix I and Euphorbia misera which is not included in the Appendices
)",
,Euphorbia ambovombensis,,
,Euphorbia capsaintemariensis,,
,Euphorbia cremersii {Includes the forma viridifolia and the var. rakotozafyi},,
,Euphorbia cylindrifolia {Includes the ssp. tuberifera},,
,"Euphorbia decaryi {Includes the vars. ampanihyensis, robinsonii and spirosticha}",,
,Euphorbia francoisii,,
,"Euphorbia moratii {Includes the vars. antsingiensis, bemarahensis and multiflora}",,
,Euphorbia parvicyathophora,,
,Euphorbia quartziticola,,
,Euphorbia tulearensis,,
"Fagaceae
Beeches",,,
,,,Quercus mongolica #5 (Russian Federation)
"Fouquieriaceae
Ocotillos",,,
,,Fouquieria columnaris #4,
,Fouquieria fasciculata,,
,Fouquieria purpusii,,
"Geraniaceae
Geraniums",,,
,,,Monsonia herrei (South Africa)
,,,Monsonia multifida (South Africa)
,,,Monsonia patersonii (South Africa)
,,,Pelargonium crassicaule (South Africa)
,,,Pelargonium triste (South Africa)
"Gnetaceae
Gnetums",,,
,,,Gnetum montanum #1 (Nepal)
"Juglandaceae
Gavilan",,,
,,Oreomunnea pterocarpa #4,
"Lauraceae
Laurels",,,
,,Aniba rosaeodora #12,
"Leguminosae
(Fabaceae) Afrormosia, cristobal, palisander, rosewood, sandalwood",,,
,,"Afzelia spp. #17 (Only the African populations; no other population is included in the Appendices
)",
,,Dalbergia spp. #15 (Except for the species listed in Appendix I),
,Dalbergia nigra,,
,,Dipteryx spp. #17,
,,Guibourtia demeusei #15,
,,Guibourtia pellegriniana #15,
,,Guibourtia tessmannii #15,
,,Paubrasilia echinata #10,
,,Pericopsis elata #17,
,,Platymiscium parviflorum #4,
,,"Pterocarpus spp. #17 (Except Pterocarpus santalinus which is included in Appendix II with annotation #7; only the African populations; no other population is included in the Appendices
)",
,,Pterocarpus santalinus #7,
,,Senna meridionalis,
"Liliaceae
Aloes",,,
,,"Aloe spp. #4 (Except the species included in Appendix I and Aloe vera, also referenced as Aloe barbadensis, which is not included in the Appendices
)",
,Aloe albida,,
,Aloe albiflora,,
,Aloe alfredii,,
,Aloe bakeri,,
,Aloe bellatula,,
,Aloe calcairophila,,
,"Aloe compressa {Includes the vars. paucituberculata, rugosquamosa and schistophila}",,
,Aloe delphinensis,,
,Aloe descoingsii,,
,Aloe fragilis,,
,Aloe haworthioides {Includes the var. aurantiaca},,
,Aloe helenae,,
,Aloe laeta {Includes the var. maniaensis},,
,Aloe parallelifolia,,
,Aloe parvula,,
,Aloe pillansii,,
,Aloe polyphylla,,
,Aloe rauhii,,
,Aloe suzannae,,
,Aloe versicolor,,
,Aloe vossii,,
"Magnoliaceae
Magnolias",,,
,,,Magnolia liliifera var. obovata #1 (Nepal)
"Malvaceae
Includes baobabs",,,
,,Adansonia grandidieri #16,
"Meliaceae
Mahoganies, West Indian cedar",,,
,,"Cedrela spp. #6 (Only the populations of the Neotropics; no other population is included in the Appendices
)",
,,"Khaya spp. #17 (Only the African populations; no other population is included in the Appendices
)",
,,Swietenia humilis #4,
,,"Swietenia macrophylla #6 (Only the populations of the Neotropics; no other population is included in the Appendices
)",
,,Swietenia mahagoni #5,
"Nepenthaceae
Pitcher-plants (Old World)",,,
,,Nepenthes spp. #4 (Except the species included in Appendix I),
,Nepenthes khasiana,,
,Nepenthes rajah,,
"Oleaceae
Ashes, etc.",,,
,,,Fraxinus mandshurica #5 (Russian Federation)
"Orchidaceae
Orchids",,,
,,"Orchidaceae spp. P3 #4 (Except the species included in Appendix I
)",
,Aerangis ellisii P4,,
,Cattleya jongheana P4,,
,Cattleya lobata P4,,
,Dendrobium cruentum P4,,
,Mexipedium xerophyticum P4,,
,Paphiopedilum spp. P4,,
,Peristeria elata P4,,
,Phragmipedium spp. P4,,
,Renanthera imschootiana P4,,
"Orobanchaceae
Broomrapes",,,
,,Cistanche deserticola #4,
"Palmae
(AREACEAE) Palms",,,
,,Beccariophoenix madagascariensis #4,
,,Dypsis decaryi #4,
,Dypsis decipiens,,
,,Lemurophoenix halleuxii,
,,,Lodoicea maldivica #13 (Seychelles)
,,Marojejya darianii,
,,Ravenea louvelii,
,,Ravenea rivularis,
,,Satranala decussilvae,
,,Voanioala gerardii,
"Papaveraceae
Poppy",,,
,,,Meconopsis regia #1 (Nepal)
"Passifloraceae
Passion-flowers",,,
,,Adenia firingalavensis,
,,Adenia olaboensis,
,,,Adenia spinosa (South Africa)
,,Adenia subsessilifolia,
"Pedaliaceae
Sesames",,,
,,Uncarina grandidieri,
,,Uncarina stellulifera,
"Pinaceae
Firs and pines",,,
,Abies guatemalensis,,
,,,Pinus koraiensis #5 (Russian Federation)
"Podocarpaceae
Podocarps",,,
,,,Podocarpus neriifolius #1 (Nepal)
,Podocarpus parlatorei,,
"Portulacaceae
Lewisias, portulacas, purslanes",,,
,,Anacampseros spp. #4,
,,Avonia spp. #4,
,,Lewisia serrata #4,
,,,Portulacaria pygmaea (South Africa)
"Primulaceae
Cyclamens",,,
,,Cyclamen spp. P5 #4,
"Ranunculaceae
Golden seals, yellow adonis, yellow root",,,
,,Adonis vernalis #2,
,,Hydrastis canadensis #8,
"Rosaceae
African cherry, stinkwood",,,
,,Prunus africana #4,
"Rubiaceae
Ayugue",,,
,Balmea stormiae,,
"Santalaceae
Sandalwoods",,,
,,"Osyris lanceolata #2 (Populations of Burundi, Ethiopia, Kenya, Rwanda, Uganda and the United Republic of Tanzania; no other population is included in the Appendices
)",
"Sarraceniaceae
Pitcher-plants (New World)",,,
,,Sarracenia spp. #4 (Except the species included in Appendix I),
,Sarracenia oreophila,,
,Sarracenia rubra ssp. alabamensis,,
,Sarracenia rubra ssp. jonesii,,
"Scrophulariaceae
Kutki",,,
,,Picrorhiza kurrooa #2 {Excludes Picrorhiza scrophulariiflora},
"Stangeriaceae
Stangerias",,,
,,Bowenia spp. #4,
,Stangeria eriopus,,
"Taxaceae
Himalayan yew",,,
,,Taxus chinensis #2 {Includes infraspecific taxa of this species},
,,Taxus cuspidata P6 #2 {Includes infraspecific taxa of this species},
,,Taxus fuana #2 {Includes infraspecific taxa of this species},
,,Taxus sumatrana #2 {Includes infraspecific taxa of this species},
,,Taxus wallichiana #2,
"Thymelaeaceae
(Aquilariaceae) Agarwood, ramin",,,
,,Aquilaria spp. #14,
,,Gonystylus spp. #4,
,,Gyrinops spp. #14,
"Trochodendraceae
(Tetracentraceae) Tetracentron",,,
,,,Tetracentron sinense #1 (Nepal)
"Valerianaceae
Himalayan spikenard",,,
,,Nardostachys grandiflora #2,
"Vitaceae
Grapes",,,
,,Cyphostemma elephantopus,
,,Cyphostemma laza,
,,Cyphostemma montagnacii,
"Welwitschiaceae
Welwitschia",,,
,,Welwitschia mirabilis #4,
"Zamiaceae
Cycads",,,
,,Zamiaceae spp. #4 (Except the species included in Appendix I),
,Ceratozamia spp.,,
,Encephalartos spp.,,
,Microcycas calocoma,,
,Zamia restrepoi,,
"Zingiberaceae
Ginger lily, Natal ginger",,,
,,Hedychium philippinense #4,
,,"Siphonochilus aethiopicus (Only the populations of Eswatini, Mozambique, South Africa and Zimbabwe; no other population is included in the Appendices
)",
"Zygophyllaceae
Lignum-vitae",,,
,,Bulnesia sarmientoi #11,
,,Guaiacum spp. #2,